NOMBRE;APELLIDO1;APELLIDO2;EMAIL;PUESTO
CANDIDATO;1;.;plm@psicologosempresariales.es;A
CANDIDATO;2;.;gsm@psicologosempresariales.es;B
CANDIDATO;3;.;gsm@psicologosempresariales.es;C
CANDIDATO;4;.;gema.gsm@gmail.com;A
CANDIDATO;5;.;gsm@gsm.es;B
CANDIDATO;6;.;gema.gsm@gmial.com;C
CANDIDATO;7;.;gsï¿½@psicologosempresariales.es;A
CANDIDATO;8;.;gsm@psicologosempesariales;B
CANDIDATO;9;.;plm@psicologosempresariales..es;C
CANDIDATO;10;.;candidato@10.es;A
CANDIDATO;11;.;candidato@11.es;B
CANDIDATO;12;.;candidato@12.es;C
CANDIDATO;13;.;candidato@13.es;A
CANDIDATO;14;.;candidato@14.es;B
CANDIDATO;15;.;candidato@15.es;C
CANDIDATO;16;.;candidato@16.es;A
CANDIDATO;17;.;candidato@17.es;B
CANDIDATO;18;.;candidato@18.es;C
CANDIDATO;19;.;candidato@19.es;A
CANDIDATO;20;.;candidato@20.es;B
