NOMBRE;APELLIDO1;email
Usuario;20;Usuario20@usuario.es
Usuario;21;Usuario21@usuario.es
Usuario;22;Usuario22@usuario.es
Usuario;23;Usuario23@usuario.es
Usuario;24;Usuario24@usuario.es
Usuario;25;Usuario25@usuario.es
Usuario;26;Usuario26@usuario.es
Usuario;27;Usuario27@usuario.es
Usuario;28;Usuario28@usuario.es
Usuario;29;Usuario29@usuario.es
Usuario;30;Usuario30@usuario.es
Usuario;31;Usuario31@usuario.es
Usuario;32;Usuario32@usuario.es
Usuario;33;Usuario33@usuario.es
Usuario;34;Usuario34@usuario.es
Usuario;35;Usuario35@usuario.es
Usuario;36;Usuario36@usuario.es
Usuario;37;Usuario37@usuario.es
Usuario;38;Usuario38@usuario.es
Usuario;39;Usuario39@usuario.es
