;NOMBRE;APELLIDOS;EMAIL;TUTOR
1;Jes�s;Algarra G�mez;Jesus@Algar.es;Mar�a Dolores Dur�n D�az
2;Mar�a;Alonso Mart�nez;Maria@Alons.es;Mar�a Dolores Dur�n D�az
3;Antonio Miguel;Bonilla Valverde;Antonio@Bonil.es;Mar�a Dolores Dur�n D�az
4;Lisardo;Calvache Rodr�guez;Lisardo@Calva.es;Mar�a Dolores Dur�n D�az
5;Jes�s Mar�a;Cazorla Mu�oz;Jesus@Cazor.es;Mar�a Dolores Dur�n D�az
6;Javier;Cort�s Garc�a;Javier@Corte.es;Mar�a Dolores Dur�n D�az
7;Eugenio;Fern�ndez Ferrer;Eugenio@Ferna.es;Mar�a Dolores Dur�n D�az
8;Antonio;G�lvez Mu�oz;Antonio@Galve.es;Mar�a Dolores Dur�n D�az
9;Patricia;G�mez Gil;Patricia@Gomez.es;Mar�a Dolores Dur�n D�az
10;Mar�a del Mar;Hueso Miras;Maria@Hueso.es;Mar�a Dolores Dur�n D�az
11;Carlos Jes�s;Jim�nez Hern�ndez;Carlos@Jimen.es;Mar�a Dolores Dur�n D�az
12;Adriana;L�pez �lvarez;Adriana@Lopez.es;Mar�a Dolores Dur�n D�az
13;Jos� Francisco;Mart�nez Asensio;Jose@Marti.es;Mar�a Dolores Dur�n D�az
14;Mar�a;Mart�nez Chill�n;Maria@Chillon.es;Mar�a Dolores Dur�n D�az
15;Mar�a del Mar;Mart�nez Pallar�s;Maria@Pallares.es;Mar�a Dolores Dur�n D�az
16;Mar�a del Mar;Mart�nez Soriano;Maria@Soriano.es;Mar�a Dolores Dur�n D�az
17;Marina;Miras de la Paz;Marina@Miras.es;Mar�a Dolores Dur�n D�az
18;Lu�s;Miras Fern�ndez;Luis@Miras.es;Mar�a Dolores Dur�n D�az
19;Jos� Manuel;Navarrete Caparr�s;Jose@Navar.es;Mar�a Dolores Dur�n D�az
20;Lu�s;Navarro Cano;Luis@Navar.es;Mar�a Dolores Dur�n D�az
21;Iv�n;Navarro Navarro;Ivan@Navar.es;Mar�a Dolores Dur�n D�az
22;Bernab�;Navarro Rodr�guez;Bernabe@Navar.es;Mar�a Dolores Dur�n D�az
23;Germ�n Jes�s;Padierna L�pez;German@Padie.es;Mar�a Dolores Dur�n D�az
24;Carlos;P�rez Rodr�guez;Carlos@Perez.es;Mar�a Dolores Dur�n D�az
25;Javier;P�rez Rodr�guez;Javier@Perez.es;Mar�a Dolores Dur�n D�az
26;Mar�a del Mar;Ram�rez Calder�n;Maria@Ramir.es;Mar�a Dolores Dur�n D�az
27;Mar�a del Mar;Ru�z Mateo;Maria@Ruiz .es;Mar�a Dolores Dur�n D�az
28;Jaime;Ruiz Rivas;Jaime@Ruiz .es;Mar�a Dolores Dur�n D�az
29;Juan;S�nchez Manzanares;Juan@Sanch.es;Mar�a Dolores Dur�n D�az
30;Irene;Torres Molina;Irene@Torre.es;Mar�a Dolores Dur�n D�az
31;Ana Jes�s;Valls Torrecillas;Ana@Valls.es;Mar�a Dolores Dur�n D�az
;;;;;
