Nombre�����������������������������������;APELLIDOS;EMAIL;
PAOLA ;ALONSO;Paula@alonso.es;
CARMEN ;ARAMBARRI;Carmen@arambarri.es;
ALOA ;BEZARES;Aloa@bezares.es;
ALMUDENA ;BREA;Almudena@brea.es;
MARTA;DEL RINCON;Marta@rincon.es;
LETICIA;DETRAUX;Leticia@detraux.es;
VIRGINIA ;ESPUELAS;Virginia@espuelas.es;
EUGENIA ;GCIA-CALZAD;Eugenia@garcia.es;
BERTA ;GOLMAYO;Berta@golmayo.es;
ISABEL ;LONDO�O;Isabel@londono.es;
ELISA ;MARTINEZ;Elisa@martinez.es;
BELEN;NAGORE;Belen@nagore.es;
IRENE ;PUELLES;Irene@puelles.es;
REBECA ;PUENTE;Rebeca@puente.es;
PALOMA ;RUBIO;Paloma@rubio.es;
CLAUDIA ;SAINZ OVEJA;Claudia@sainz.es;
RAQUEL ;VELASCO;Raquel@velasco.es;
;;;
